<application>
  <component name="libraryTable">
    <library name="Python 3.6 interpreter library">
      <CLASSES>
        <root url="file:///opt/miniconda/bin/python3" />
        <root url="file:///usr/lib/python3.6" />
        <root url="file:///usr/lib/python3.6/lib-dynload" />
        <root url="file:///usr/local/lib/python3.6/dist-packages" />
        <root url="file:///usr/lib/python3/dist-packages" />
        <root url="file://$USER_HOME$/.IdeaIC2018.3/system/python_stubs/-1247971763" />
        <root url="file://$APPLICATION_PLUGINS_DIR$/python-ce/helpers/python-skeletons" />
        <root url="file://$APPLICATION_PLUGINS_DIR$/python-ce/helpers/typeshed/stdlib/3" />
        <root url="file://$APPLICATION_PLUGINS_DIR$/python-ce/helpers/typeshed/stdlib/2and3" />
        <root url="file://$APPLICATION_PLUGINS_DIR$/python-ce/helpers/typeshed/third_party/3" />
        <root url="file://$APPLICATION_PLUGINS_DIR$/python-ce/helpers/typeshed/third_party/2and3" />
      </CLASSES>
      <JAVADOC />
      <SOURCES>
        <root url="file:///opt/miniconda/bin/python3" />
        <root url="file:///usr/lib/python3.6" />
        <root url="file:///usr/lib/python3.6/lib-dynload" />
        <root url="file:///usr/local/lib/python3.6/dist-packages" />
        <root url="file:///usr/lib/python3/dist-packages" />
        <root url="file://$USER_HOME$/.IdeaIC2018.3/system/python_stubs/-1247971763" />
        <root url="file://$APPLICATION_PLUGINS_DIR$/python-ce/helpers/python-skeletons" />
        <root url="file://$APPLICATION_PLUGINS_DIR$/python-ce/helpers/typeshed/stdlib/3" />
        <root url="file://$APPLICATION_PLUGINS_DIR$/python-ce/helpers/typeshed/stdlib/2and3" />
        <root url="file://$APPLICATION_PLUGINS_DIR$/python-ce/helpers/typeshed/third_party/3" />
        <root url="file://$APPLICATION_PLUGINS_DIR$/python-ce/helpers/typeshed/third_party/2and3" />
      </SOURCES>
    </library>
    <library name="scala-sdk-2.11.8" type="Scala">
      <properties>
        <language-level>Scala_2_11</language-level>
        <compiler-classpath>
          <root url="file://$MAVEN_REPOSITORY$/org/scala-lang/scala-reflect/2.11.8/scala-reflect-2.11.8.jar" />
          <root url="file://$MAVEN_REPOSITORY$/org/scala-lang/scala-library/2.11.8/scala-library-2.11.8.jar" />
          <root url="file://$MAVEN_REPOSITORY$/org/scala-lang/scala-compiler/2.11.8/scala-compiler-2.11.8.jar" />
        </compiler-classpath>
      </properties>
      <CLASSES>
        <root url="jar://$MAVEN_REPOSITORY$/org/scala-lang/scala-reflect/2.11.8/scala-reflect-2.11.8.jar!/" />
        <root url="jar://$MAVEN_REPOSITORY$/org/scala-lang/scala-library/2.11.8/scala-library-2.11.8.jar!/" />
        <root url="jar://$MAVEN_REPOSITORY$/org/scala-lang/scala-reflect/2.11.8/scala-reflect-2.11.8-sources.jar!/" />
        <root url="jar://$MAVEN_REPOSITORY$/org/scala-lang/scala-library/2.11.8/scala-library-2.11.8-sources.jar!/" />
      </CLASSES>
      <JAVADOC>
        <root url="jar://$MAVEN_REPOSITORY$/org/scala-lang/scala-reflect/2.11.8/scala-reflect-2.11.8-javadoc.jar!/" />
        <root url="jar://$MAVEN_REPOSITORY$/org/scala-lang/scala-library/2.11.8/scala-library-2.11.8-javadoc.jar!/" />
      </JAVADOC>
      <SOURCES />
    </library>
  </component>
</application>