<application>
  <component name="libraryTable">
    <library name="Python 3.6 interpreter library">
      <CLASSES>
        <root url="file:///usr/lib/python3.6" />
        <root url="file:///usr/lib/python3.6/lib-dynload" />
        <root url="file:///usr/local/lib/python3.6/dist-packages" />
        <root url="file:///usr/lib/python3/dist-packages" />
      </CLASSES>
      <JAVADOC />
      <SOURCES>
        <root url="file:///usr/lib/python3.6" />
        <root url="file:///usr/lib/python3.6/lib-dynload" />
        <root url="file:///usr/local/lib/python3.6/dist-packages" />
        <root url="file:///usr/lib/python3/dist-packages" />
      </SOURCES>
    </library>
    <library name="scala-sdk-2.11.8" type="Scala">
      <properties>
        <language-level>Scala_2_11</language-level>
        <compiler-classpath>
          <root url="file://$MAVEN_REPOSITORY$/org/scala-lang/scala-reflect/2.11.8/scala-reflect-2.11.8.jar" />
          <root url="file://$MAVEN_REPOSITORY$/org/scala-lang/scala-library/2.11.8/scala-library-2.11.8.jar" />
          <root url="file://$MAVEN_REPOSITORY$/org/scala-lang/scala-compiler/2.11.8/scala-compiler-2.11.8.jar" />
        </compiler-classpath>
      </properties>
      <CLASSES>
        <root url="jar://$MAVEN_REPOSITORY$/org/scala-lang/scala-reflect/2.11.8/scala-reflect-2.11.8.jar!/" />
        <root url="jar://$MAVEN_REPOSITORY$/org/scala-lang/scala-library/2.11.8/scala-library-2.11.8.jar!/" />
      </CLASSES>
      <JAVADOC />
      <SOURCES />
    </library>
  </component>
</application>