<application>
  <component name="CodeInsightSettings">
    <option name="REFORMAT_ON_PASTE" value="1" />
    <option name="INDENT_TO_CARET_ON_PASTE" value="true" />
  </component>
  <component name="DaemonCodeAnalyzerSettings">
    <option name="NEXT_ERROR_ACTION_GOES_TO_ERRORS_FIRST" value="false" />
  </component>
  <component name="DefaultFont">
    <option name="FONT_SIZE" value="14" />
    <option name="FONT_FAMILY" value="DejaVu Sans Mono" />
  </component>
  <component name="EditorSettings">
    <option name="USE_SOFT_WRAPS" value="" />
    <option name="IS_FOLDING_OUTLINE_SHOWN" value="false" />
    <option name="SHOW_BREADCRUMBS" value="false" />
    <option name="IS_INDENT_GUIDES_SHOWN" value="false" />
  </component>
</application>