<application>
  <component name="FileTypeManager" version="17">
    <ignoreFiles list="*$py.class;*.hprof;*.pyc;*.pyo;*.rbc;*.yarb;*~;.DS_Store;.git;.hg;.svn;CVS;__pycache__;_svn;vssver.scc;vssver2.scc;" />
    <extensionMap>
      <mapping pattern="Procfile" type="PLAIN_TEXT" />
      <mapping pattern="test_pytest.py" type="PLAIN_TEXT" />
      <mapping ext="npy" type="PLAIN_TEXT" />
      <mapping ext="xlsm" type="PLAIN_TEXT" />
      <mapping pattern="test_pytest" type="Python" />
    </extensionMap>
  </component>
</application>