<application>
  <component name="ProjectJdkTable">
    <jdk version="2">
      <name value="Python 3.6.0 (C:\Python36-32\python.exe)" />
      <type value="Python SDK" />
      <version value="Python 3.6.0" />
      <homePath value="C:\Python36-32\python.exe" />
      <roots>
        <classPath>
          <root type="composite">
            <root url="file://C:/Python36-32/DLLs" type="simple" />
            <root url="file://C:/Python36-32/Lib" type="simple" />
            <root url="file://C:/Python36-32" type="simple" />
            <root url="file://$USER_HOME$/AppData/Roaming/Python/Python36/site-packages" type="simple" />
            <root url="file://C:/Python36-32/Lib/site-packages" type="simple" />
            <root url="file://$USER_HOME$/.PyCharmCE2019.3/system/python_stubs/-273572998" type="simple" />
            <root url="file://$APPLICATION_HOME_DIR$/plugins/python-ce/helpers/python-skeletons" type="simple" />
            <root url="file://$APPLICATION_HOME_DIR$/plugins/python-ce/helpers/typeshed/stdlib/3" type="simple" />
            <root url="file://$APPLICATION_HOME_DIR$/plugins/python-ce/helpers/typeshed/stdlib/2and3" type="simple" />
            <root url="file://$APPLICATION_HOME_DIR$/plugins/python-ce/helpers/typeshed/third_party/3" type="simple" />
            <root url="file://$APPLICATION_HOME_DIR$/plugins/python-ce/helpers/typeshed/third_party/2and3" type="simple" />
          </root>
        </classPath>
        <sourcePath>
          <root type="composite" />
        </sourcePath>
      </roots>
      <additional />
    </jdk>
    <jdk version="2">
      <name value="Python 3.7 (multilayer-perceptron)" />
      <type value="Python SDK" />
      <version value="Python 3.7.3" />
      <homePath value="C:\Users\tlaurens\Documents\coding\multilayer-perceptron\network-creation\venv\Scripts\python.exe" />
      <roots>
        <classPath>
          <root type="composite">
            <root url="file://C:/Program Files/Python37/DLLs" type="simple" />
            <root url="file://C:/Program Files/Python37/Lib" type="simple" />
            <root url="file://C:/Program Files/Python37" type="simple" />
            <root url="file://$USER_HOME$/Documents/coding/multilayer-perceptron/network-creation/venv" type="simple" />
            <root url="file://$USER_HOME$/Documents/coding/multilayer-perceptron/network-creation/venv/Lib/site-packages" type="simple" />
            <root url="jar://$USER_HOME$/Documents/coding/multilayer-perceptron/network-creation/venv/Lib/site-packages/setuptools-40.8.0-py3.7.egg!/" type="simple" />
            <root url="file://$USER_HOME$/Documents/coding/multilayer-perceptron/network-creation/venv/Lib/site-packages/pip-19.0.3-py3.7.egg" type="simple" />
            <root url="file://$USER_HOME$/.PyCharmCE2019.3/system/python_stubs/875240764" type="simple" />
            <root url="file://$APPLICATION_HOME_DIR$/plugins/python-ce/helpers/python-skeletons" type="simple" />
            <root url="file://$APPLICATION_HOME_DIR$/plugins/python-ce/helpers/typeshed/stdlib/3" type="simple" />
            <root url="file://$APPLICATION_HOME_DIR$/plugins/python-ce/helpers/typeshed/stdlib/2and3" type="simple" />
            <root url="file://$APPLICATION_HOME_DIR$/plugins/python-ce/helpers/typeshed/third_party/3" type="simple" />
            <root url="file://$APPLICATION_HOME_DIR$/plugins/python-ce/helpers/typeshed/third_party/2and3" type="simple" />
          </root>
        </classPath>
        <sourcePath>
          <root type="composite" />
        </sourcePath>
      </roots>
      <additional ASSOCIATED_PROJECT_PATH="$USER_HOME$/Documents/coding/multilayer-perceptron" />
    </jdk>
    <jdk version="2">
      <name value="Python 3.7" />
      <type value="Python SDK" />
      <version value="Python 3.7.3" />
      <homePath value="C:\Program Files\Python37\python.exe" />
      <roots>
        <classPath>
          <root type="composite">
            <root url="file://C:/Program Files/Python37/DLLs" type="simple" />
            <root url="file://C:/Program Files/Python37/Lib" type="simple" />
            <root url="file://C:/Program Files/Python37" type="simple" />
            <root url="file://$USER_HOME$/AppData/Roaming/Python/Python37/site-packages" type="simple" />
            <root url="file://C:/Program Files/Python37/Lib/site-packages" type="simple" />
            <root url="file://$USER_HOME$/.PyCharmCE2019.3/system/python_stubs/-991083293" type="simple" />
            <root url="file://$APPLICATION_HOME_DIR$/plugins/python-ce/helpers/python-skeletons" type="simple" />
            <root url="file://$APPLICATION_HOME_DIR$/plugins/python-ce/helpers/typeshed/stdlib/3" type="simple" />
            <root url="file://$APPLICATION_HOME_DIR$/plugins/python-ce/helpers/typeshed/stdlib/2and3" type="simple" />
            <root url="file://$APPLICATION_HOME_DIR$/plugins/python-ce/helpers/typeshed/third_party/3" type="simple" />
            <root url="file://$APPLICATION_HOME_DIR$/plugins/python-ce/helpers/typeshed/third_party/2and3" type="simple" />
          </root>
        </classPath>
        <sourcePath>
          <root type="composite" />
        </sourcePath>
      </roots>
      <additional />
    </jdk>
    <jdk version="2">
      <name value="Python 3.7 (data-engineering)" />
      <type value="Python SDK" />
      <version value="Python 3.7.3" />
      <homePath value="C:\Users\tlaurens\Documents\Aggreko\data-engineering\venv\Scripts\python.exe" />
      <roots>
        <classPath>
          <root type="composite">
            <root url="file://C:/Program Files/Python37/DLLs" type="simple" />
            <root url="file://C:/Program Files/Python37/Lib" type="simple" />
            <root url="file://C:/Program Files/Python37" type="simple" />
            <root url="file://$USER_HOME$/Documents/Aggreko/data-engineering/venv" type="simple" />
            <root url="file://$USER_HOME$/Documents/Aggreko/data-engineering/venv/Lib/site-packages" type="simple" />
            <root url="jar://$USER_HOME$/Documents/Aggreko/data-engineering/venv/Lib/site-packages/setuptools-40.8.0-py3.7.egg!/" type="simple" />
            <root url="file://$USER_HOME$/Documents/Aggreko/data-engineering/venv/Lib/site-packages/pip-19.0.3-py3.7.egg" type="simple" />
            <root url="file://$USER_HOME$/.PyCharmCE2019.3/system/python_stubs/1323872378" type="simple" />
            <root url="file://$APPLICATION_HOME_DIR$/plugins/python-ce/helpers/python-skeletons" type="simple" />
            <root url="file://$APPLICATION_HOME_DIR$/plugins/python-ce/helpers/typeshed/stdlib/3" type="simple" />
            <root url="file://$APPLICATION_HOME_DIR$/plugins/python-ce/helpers/typeshed/stdlib/2and3" type="simple" />
            <root url="file://$APPLICATION_HOME_DIR$/plugins/python-ce/helpers/typeshed/third_party/3" type="simple" />
            <root url="file://$APPLICATION_HOME_DIR$/plugins/python-ce/helpers/typeshed/third_party/2and3" type="simple" />
          </root>
        </classPath>
        <sourcePath>
          <root type="composite" />
        </sourcePath>
      </roots>
      <additional ASSOCIATED_PROJECT_PATH="$USER_HOME$/Documents/Aggreko/data-engineering" />
    </jdk>
    <jdk version="2">
      <name value="Python 3.6 (tlaurens)" />
      <type value="Python SDK" />
      <version value="Python 3.6.0" />
      <homePath value="C:\Users\tlaurens\.ebcli-virtual-env\Scripts\python.exe" />
      <roots>
        <classPath>
          <root type="composite">
            <root url="file://$USER_HOME$/.ebcli-virtual-env/Lib" type="simple" />
            <root url="file://$USER_HOME$/.ebcli-virtual-env/Scripts" type="simple" />
            <root url="file://C:/Python36-32/Lib" type="simple" />
            <root url="file://C:/Python36-32/DLLs" type="simple" />
            <root url="file://$USER_HOME$/.ebcli-virtual-env" type="simple" />
            <root url="file://$USER_HOME$/.ebcli-virtual-env/Lib/site-packages" type="simple" />
            <root url="file://$USER_HOME$/.ebcli-virtual-env/Lib/site-packages/win32" type="simple" />
            <root url="file://$USER_HOME$/.ebcli-virtual-env/Lib/site-packages/win32/lib" type="simple" />
            <root url="file://$USER_HOME$/.ebcli-virtual-env/Lib/site-packages/pythonwin" type="simple" />
            <root url="file://$USER_HOME$/.PyCharmCE2019.3/system/python_stubs/682793367" type="simple" />
            <root url="file://$APPLICATION_HOME_DIR$/plugins/python-ce/helpers/python-skeletons" type="simple" />
            <root url="file://$APPLICATION_HOME_DIR$/plugins/python-ce/helpers/typeshed/stdlib/3" type="simple" />
            <root url="file://$APPLICATION_HOME_DIR$/plugins/python-ce/helpers/typeshed/stdlib/2and3" type="simple" />
            <root url="file://$APPLICATION_HOME_DIR$/plugins/python-ce/helpers/typeshed/third_party/3" type="simple" />
            <root url="file://$APPLICATION_HOME_DIR$/plugins/python-ce/helpers/typeshed/third_party/2and3" type="simple" />
          </root>
        </classPath>
        <sourcePath>
          <root type="composite" />
        </sourcePath>
      </roots>
      <additional ASSOCIATED_PROJECT_PATH="$USER_HOME$" />
    </jdk>
    <jdk version="2">
      <name value="Python 3.7 (flask-api)" />
      <type value="Python SDK" />
      <version value="Python 3.7.3" />
      <homePath value="C:\Users\tlaurens\Documents\coding\multilayer-perceptron\flask-api\venv\Scripts\python.exe" />
      <roots>
        <classPath>
          <root type="composite">
            <root url="file://C:/Program Files/Python37/DLLs" type="simple" />
            <root url="file://C:/Program Files/Python37/Lib" type="simple" />
            <root url="file://C:/Program Files/Python37" type="simple" />
            <root url="file://$USER_HOME$/Documents/coding/multilayer-perceptron/flask-api/venv" type="simple" />
            <root url="file://$USER_HOME$/Documents/coding/multilayer-perceptron/flask-api/venv/Lib/site-packages" type="simple" />
            <root url="jar://$USER_HOME$/Documents/coding/multilayer-perceptron/flask-api/venv/Lib/site-packages/setuptools-40.8.0-py3.7.egg!/" type="simple" />
            <root url="file://$USER_HOME$/Documents/coding/multilayer-perceptron/flask-api/venv/Lib/site-packages/pip-19.0.3-py3.7.egg" type="simple" />
            <root url="file://$USER_HOME$/.PyCharmCE2019.3/system/python_stubs/-871090430" type="simple" />
            <root url="file://$APPLICATION_HOME_DIR$/plugins/python-ce/helpers/python-skeletons" type="simple" />
            <root url="file://$APPLICATION_HOME_DIR$/plugins/python-ce/helpers/typeshed/stdlib/3" type="simple" />
            <root url="file://$APPLICATION_HOME_DIR$/plugins/python-ce/helpers/typeshed/stdlib/2and3" type="simple" />
            <root url="file://$APPLICATION_HOME_DIR$/plugins/python-ce/helpers/typeshed/third_party/3" type="simple" />
            <root url="file://$APPLICATION_HOME_DIR$/plugins/python-ce/helpers/typeshed/third_party/2and3" type="simple" />
          </root>
        </classPath>
        <sourcePath>
          <root type="composite" />
        </sourcePath>
      </roots>
      <additional ASSOCIATED_PROJECT_PATH="$USER_HOME$/Documents/coding/multilayer-perceptron/flask-api" />
    </jdk>
  </component>
</application>