<application>
  <component name="MaterialThemeConfig">
    <option name="isHighContrast" value="true" />
    <option name="isWizardShown" value="true" />
    <option name="pristineConfig" value="false" />
    <option name="tabFontSizeEnabled" value="true" />
    <option name="tabFontSize" value="13" />
    <option name="accentColor" value="7e57c2" />
    <option name="selectedTheme" value="NIGHT_OWL" />
    <option name="userId" value="702c8258:16ef5633181:-7fff" />
    <option name="version" value="4.11.0" />
  </component>
</application>