<application>
  <component name="StudioSettings">
    <option name="generalSettings">
      <GeneralSettings>
        <option name="enableInternalFeatures" value="false" />
        <option name="macAddress" value="00-FF-2E-E4-21-00" />
      </GeneralSettings>
    </option>
    <option name="sdkSettings">
      <SdkSettings>
        <option name="allSdks">
          <list>
            <SdkInfo>
              <option name="sdkType" value="ODPS_CMD" />
              <option name="version" value="0.29.1" />
              <option name="installedLocation" value="C:\Users\tlaurens\.PyCharmCE2017.2\config\plugins\odps-studio-intellij\odpscmd_public" />
              <option name="isDefault" value="true" />
            </SdkInfo>
          </list>
        </option>
      </SdkSettings>
    </option>
    <option name="webEngineSettings">
      <WebEngineSettings>
        <option name="nativePath" value="C:\Users\tlaurens/.PyCharmCE2019.3/system\studio_cef_native" />
        <option name="version" value="1.0.0" />
        <option name="engineType" value="WEBVIEW" />
      </WebEngineSettings>
    </option>
  </component>
</application>