<profile version="1.0">
  <option name="myName" value="Default" />
  <inspection_tool class="PyPackageRequirementsInspection" enabled="true" level="WARNING" enabled_by_default="true">
    <option name="ignoredPackages">
      <value>
        <list size="13">
          <item index="0" class="java.lang.String" itemvalue="scipy" />
          <item index="1" class="java.lang.String" itemvalue="six" />
          <item index="2" class="java.lang.String" itemvalue="h5py" />
          <item index="3" class="java.lang.String" itemvalue="PyYAML" />
          <item index="4" class="java.lang.String" itemvalue="python-dateutil" />
          <item index="5" class="java.lang.String" itemvalue="kiwisolver" />
          <item index="6" class="java.lang.String" itemvalue="cycler" />
          <item index="7" class="java.lang.String" itemvalue="numpy" />
          <item index="8" class="java.lang.String" itemvalue="Keras-Applications" />
          <item index="9" class="java.lang.String" itemvalue="Keras-Preprocessing" />
          <item index="10" class="java.lang.String" itemvalue="matplotlib" />
          <item index="11" class="java.lang.String" itemvalue="Keras" />
          <item index="12" class="java.lang.String" itemvalue="pyparsing" />
        </list>
      </value>
    </option>
  </inspection_tool>
</profile>